,vot,f0,dec,condition,subject,accuracy
0,2,4,0.037762415,clear,0_100,0.037762415
1,2,4,0.37444994,noise,0_100,0.37444994
2,6,4,0.95139146,clear,0_100,0.037762415
3,6,4,0.6455483,noise,0_100,0.37444994
4,4,2,0.91138166,noise,0_100,0.11677821
5,4,2,0.5813799,clear,0_100,0.39885974
6,4,6,0.11677821,noise,0_100,0.11677821
7,4,6,0.39885974,clear,0_100,0.39885974
8,2,4,0.039157413,clear,1_99,0.039157413
9,2,4,0.37474936,noise,1_99,0.37474936
10,6,4,0.9486366,clear,1_99,0.039157413
11,6,4,0.63859236,noise,1_99,0.37474936
12,4,2,0.9083458,noise,1_99,0.11624035
13,4,2,0.58422047,clear,1_99,0.39953336
14,4,6,0.11624035,noise,1_99,0.11624035
15,4,6,0.39953336,clear,1_99,0.39953336
16,2,4,0.041098338,clear,2_98,0.041098338
17,2,4,0.36711603,noise,2_98,0.36711603
18,6,4,0.9518906,clear,2_98,0.041098338
19,6,4,0.65397567,noise,2_98,0.36711603
20,4,2,0.91231275,noise,2_98,0.12012067
21,4,2,0.58715606,clear,2_98,0.39717174
22,4,6,0.12012067,noise,2_98,0.12012067
23,4,6,0.39717174,clear,2_98,0.39717174
24,2,4,0.046501983,clear,3_97,0.046501983
25,2,4,0.37085813,noise,3_97,0.37085813
26,6,4,0.9438848,clear,3_97,0.046501983
27,6,4,0.64738953,noise,3_97,0.37085813
28,4,2,0.9033751,noise,3_97,0.124664865
29,4,2,0.587444,clear,3_97,0.39172304
30,4,6,0.124664865,noise,3_97,0.124664865
31,4,6,0.39172304,clear,3_97,0.39172304
32,2,4,0.04801671,clear,4_96,0.04801671
33,2,4,0.37212902,noise,4_96,0.37212902
34,6,4,0.94442564,clear,4_96,0.04801671
35,6,4,0.6506934,noise,4_96,0.37212902
36,4,2,0.90230054,noise,4_96,0.12808812
37,4,2,0.5944766,clear,4_96,0.3903568
38,4,6,0.12808812,noise,4_96,0.12808812
39,4,6,0.3903568,clear,4_96,0.3903568
40,2,4,0.047050953,clear,5_95,0.047050953
41,2,4,0.3662682,noise,5_95,0.3662682
42,6,4,0.943327,clear,5_95,0.047050953
43,6,4,0.6539325,noise,5_95,0.3662682
44,4,2,0.8936381,noise,5_95,0.13216211
45,4,2,0.5925054,clear,5_95,0.39189342
46,4,6,0.13216211,noise,5_95,0.13216211
47,4,6,0.39189342,clear,5_95,0.39189342
48,2,4,0.046283692,clear,6_94,0.046283692
49,2,4,0.36548424,noise,6_94,0.36548424
50,6,4,0.93629366,clear,6_94,0.046283692
51,6,4,0.65582293,noise,6_94,0.36548424
52,4,2,0.893018,noise,6_94,0.1300396
53,4,2,0.59294266,clear,6_94,0.39104712
54,4,6,0.1300396,noise,6_94,0.1300396
55,4,6,0.39104712,clear,6_94,0.39104712
56,2,4,0.053570345,clear,7_93,0.053570345
57,2,4,0.35656038,noise,7_93,0.35656038
58,6,4,0.9431671,clear,7_93,0.053570345
59,6,4,0.6609402,noise,7_93,0.35656038
60,4,2,0.8971134,noise,7_93,0.14168303
61,4,2,0.58912635,clear,7_93,0.3886658
62,4,6,0.14168303,noise,7_93,0.14168303
63,4,6,0.3886658,clear,7_93,0.3886658
64,2,4,0.05616545,clear,8_92,0.05616545
65,2,4,0.35524824,noise,8_92,0.35524824
66,6,4,0.9372517,clear,8_92,0.05616545
67,6,4,0.6615691,noise,8_92,0.35524824
68,4,2,0.88958675,noise,8_92,0.14491893
69,4,2,0.59273773,clear,8_92,0.38405916
70,4,6,0.14491893,noise,8_92,0.14491893
71,4,6,0.38405916,clear,8_92,0.38405916
72,2,4,0.057049535,clear,9_91,0.057049535
73,2,4,0.35324562,noise,9_91,0.35324562
74,6,4,0.92970425,clear,9_91,0.057049535
75,6,4,0.6758466,noise,9_91,0.35324562
76,4,2,0.88384616,noise,9_91,0.14657727
77,4,2,0.60482645,clear,9_91,0.38663134
78,4,6,0.14657727,noise,9_91,0.14657727
79,4,6,0.38663134,clear,9_91,0.38663134
80,2,4,0.0592055,clear,10_90,0.0592055
81,2,4,0.3516759,noise,10_90,0.3516759
82,6,4,0.93035877,clear,10_90,0.0592055
83,6,4,0.6647582,noise,10_90,0.3516759
84,4,2,0.8847392,noise,10_90,0.15311535
85,4,2,0.6021102,clear,10_90,0.38536537
86,4,6,0.15311535,noise,10_90,0.15311535
87,4,6,0.38536537,clear,10_90,0.38536537
88,2,4,0.06228788,clear,11_89,0.06228788
89,2,4,0.34627578,noise,11_89,0.34627578
90,6,4,0.92636305,clear,11_89,0.06228788
91,6,4,0.6681631,noise,11_89,0.34627578
92,4,2,0.87699276,noise,11_89,0.15128976
93,4,2,0.6079289,clear,11_89,0.3802293
94,4,6,0.15128976,noise,11_89,0.15128976
95,4,6,0.3802293,clear,11_89,0.3802293
96,2,4,0.06729316,clear,12_88,0.06729316
97,2,4,0.35043195,noise,12_88,0.35043195
98,6,4,0.9282827,clear,12_88,0.06729316
99,6,4,0.67429185,noise,12_88,0.35043195
100,4,2,0.8699913,noise,12_88,0.15153253
101,4,2,0.61131614,clear,12_88,0.37209257
102,4,6,0.15153253,noise,12_88,0.15153253
103,4,6,0.37209257,clear,12_88,0.37209257
104,2,4,0.07079217,clear,13_87,0.07079217
105,2,4,0.3427206,noise,13_87,0.3427206
106,6,4,0.92679495,clear,13_87,0.07079217
107,6,4,0.6710566,noise,13_87,0.3427206
108,4,2,0.8764569,noise,13_87,0.1690632
109,4,2,0.61368495,clear,13_87,0.37068662
110,4,6,0.1690632,noise,13_87,0.1690632
111,4,6,0.37068662,clear,13_87,0.37068662
112,2,4,0.07104736,clear,14_86,0.07104736
113,2,4,0.33943683,noise,14_86,0.33943683
114,6,4,0.9186905,clear,14_86,0.07104736
115,6,4,0.6775649,noise,14_86,0.33943683
116,4,2,0.8677949,noise,14_86,0.16365534
117,4,2,0.60872155,clear,14_86,0.3788386
118,4,6,0.16365534,noise,14_86,0.16365534
119,4,6,0.3788386,clear,14_86,0.3788386
120,2,4,0.07404846,clear,15_85,0.07404846
121,2,4,0.3388941,noise,15_85,0.3388941
122,6,4,0.91849303,clear,15_85,0.07404846
123,6,4,0.68443686,noise,15_85,0.3388941
124,4,2,0.86471444,noise,15_85,0.16364288
125,4,2,0.6123036,clear,15_85,0.36906612
126,4,6,0.16364288,noise,15_85,0.16364288
127,4,6,0.36906612,clear,15_85,0.36906612
128,2,4,0.07747124,clear,16_84,0.07747124
129,2,4,0.33239886,noise,16_84,0.33239886
130,6,4,0.92153406,clear,16_84,0.07747124
131,6,4,0.68040156,noise,16_84,0.33239886
132,4,2,0.8572524,noise,16_84,0.1697076
133,4,2,0.62440157,clear,16_84,0.37577662
134,4,6,0.1697076,noise,16_84,0.1697076
135,4,6,0.37577662,clear,16_84,0.37577662
136,2,4,0.08105156,clear,17_83,0.08105156
137,2,4,0.33698446,noise,17_83,0.33698446
138,6,4,0.91283077,clear,17_83,0.08105156
139,6,4,0.68876964,noise,17_83,0.33698446
140,4,2,0.8544345,noise,17_83,0.17573501
141,4,2,0.6141794,clear,17_83,0.36545926
142,4,6,0.17573501,noise,17_83,0.17573501
143,4,6,0.36545926,clear,17_83,0.36545926
144,2,4,0.08338784,clear,18_82,0.08338784
145,2,4,0.3298635,noise,18_82,0.3298635
146,6,4,0.904107,clear,18_82,0.08338784
147,6,4,0.69151956,noise,18_82,0.3298635
148,4,2,0.8573773,noise,18_82,0.18192057
149,4,2,0.62310565,clear,18_82,0.37049472
150,4,6,0.18192057,noise,18_82,0.18192057
151,4,6,0.37049472,clear,18_82,0.37049472
152,2,4,0.08196699,clear,19_81,0.08196699
153,2,4,0.33384824,noise,19_81,0.33384824
154,6,4,0.9056755,clear,19_81,0.08196699
155,6,4,0.6902052,noise,19_81,0.33384824
156,4,2,0.8518281,noise,19_81,0.17786497
157,4,2,0.6254222,clear,19_81,0.36767134
158,4,6,0.17786497,noise,19_81,0.17786497
159,4,6,0.36767134,clear,19_81,0.36767134
160,2,4,0.09330942,clear,20_80,0.09330942
161,2,4,0.32209784,noise,20_80,0.32209784
162,6,4,0.9023844,clear,20_80,0.09330942
163,6,4,0.69452506,noise,20_80,0.32209784
164,4,2,0.8444676,noise,20_80,0.18518141
165,4,2,0.62557316,clear,20_80,0.3577964
166,4,6,0.18518141,noise,20_80,0.18518141
167,4,6,0.3577964,clear,20_80,0.3577964
168,2,4,0.094170995,clear,21_79,0.094170995
169,2,4,0.31875816,noise,21_79,0.31875816
170,6,4,0.8981906,clear,21_79,0.094170995
171,6,4,0.69830424,noise,21_79,0.31875816
172,4,2,0.8417987,noise,21_79,0.18795702
173,4,2,0.6308944,clear,21_79,0.36497387
174,4,6,0.18795702,noise,21_79,0.18795702
175,4,6,0.36497387,clear,21_79,0.36497387
176,2,4,0.10477395,clear,22_78,0.10477395
177,2,4,0.32028118,noise,22_78,0.32028118
178,6,4,0.8931158,clear,22_78,0.10477395
179,6,4,0.7051974,noise,22_78,0.32028118
180,4,2,0.84162325,noise,22_78,0.19206783
181,4,2,0.63655144,clear,22_78,0.3535773
182,4,6,0.19206783,noise,22_78,0.19206783
183,4,6,0.3535773,clear,22_78,0.3535773
184,2,4,0.104705535,clear,23_77,0.104705535
185,2,4,0.31821287,noise,23_77,0.31821287
186,6,4,0.892999,clear,23_77,0.104705535
187,6,4,0.7068052,noise,23_77,0.31821287
188,4,2,0.83018136,noise,23_77,0.202558
189,4,2,0.63121295,clear,23_77,0.3572665
190,4,6,0.202558,noise,23_77,0.202558
191,4,6,0.3572665,clear,23_77,0.3572665
192,2,4,0.105713926,clear,24_76,0.105713926
193,2,4,0.31261003,noise,24_76,0.31261003
194,6,4,0.89729804,clear,24_76,0.105713926
195,6,4,0.70585656,noise,24_76,0.31261003
196,4,2,0.8359819,noise,24_76,0.19607717
197,4,2,0.6402631,clear,24_76,0.357796
198,4,6,0.19607717,noise,24_76,0.19607717
199,4,6,0.357796,clear,24_76,0.357796
200,2,4,0.10833265,clear,25_75,0.10833265
201,2,4,0.31401336,noise,25_75,0.31401336
202,6,4,0.88716173,clear,25_75,0.10833265
203,6,4,0.7134529,noise,25_75,0.31401336
204,4,2,0.8308692,noise,25_75,0.20058513
205,4,2,0.64439183,clear,25_75,0.352179
206,4,6,0.20058513,noise,25_75,0.20058513
207,4,6,0.352179,clear,25_75,0.352179
208,2,4,0.109582424,clear,26_74,0.109582424
209,2,4,0.3060391,noise,26_74,0.3060391
210,6,4,0.88388264,clear,26_74,0.109582424
211,6,4,0.7112786,noise,26_74,0.3060391
212,4,2,0.8192529,noise,26_74,0.21497218
213,4,2,0.634287,clear,26_74,0.3494461
214,4,6,0.21497218,noise,26_74,0.21497218
215,4,6,0.3494461,clear,26_74,0.3494461
216,2,4,0.113203116,clear,27_73,0.113203116
217,2,4,0.29896468,noise,27_73,0.29896468
218,6,4,0.879253,clear,27_73,0.113203116
219,6,4,0.7174991,noise,27_73,0.29896468
220,4,2,0.8203318,noise,27_73,0.21556795
221,4,2,0.6459317,clear,27_73,0.35054162
222,4,6,0.21556795,noise,27_73,0.21556795
223,4,6,0.35054162,clear,27_73,0.35054162
224,2,4,0.11911609,clear,28_72,0.11911609
225,2,4,0.29993144,noise,28_72,0.29993144
226,6,4,0.8762399,clear,28_72,0.11911609
227,6,4,0.7199198,noise,28_72,0.29993144
228,4,2,0.8171406,noise,28_72,0.22348687
229,4,2,0.64843434,clear,28_72,0.34467897
230,4,6,0.22348687,noise,28_72,0.22348687
231,4,6,0.34467897,clear,28_72,0.34467897
232,2,4,0.12212903,clear,29_71,0.12212903
233,2,4,0.2964851,noise,29_71,0.2964851
234,6,4,0.8788182,clear,29_71,0.12212903
235,6,4,0.7269303,noise,29_71,0.2964851
236,4,2,0.8121571,noise,29_71,0.22276397
237,4,2,0.65872043,clear,29_71,0.34659058
238,4,6,0.22276397,noise,29_71,0.22276397
239,4,6,0.34659058,clear,29_71,0.34659058
240,2,4,0.123919,clear,30_70,0.123919
241,2,4,0.29301324,noise,30_70,0.29301324
242,6,4,0.87502384,clear,30_70,0.123919
243,6,4,0.72546875,noise,30_70,0.29301324
244,4,2,0.80788946,noise,30_70,0.23123786
245,4,2,0.6531425,clear,30_70,0.34075296
246,4,6,0.23123786,noise,30_70,0.23123786
247,4,6,0.34075296,clear,30_70,0.34075296
248,2,4,0.12908961,clear,31_69,0.12908961
249,2,4,0.28478587,noise,31_69,0.28478587
250,6,4,0.8647089,clear,31_69,0.12908961
251,6,4,0.7302367,noise,31_69,0.28478587
252,4,2,0.80143815,noise,31_69,0.22682863
253,4,2,0.65507567,clear,31_69,0.34090653
254,4,6,0.22682863,noise,31_69,0.22682863
255,4,6,0.34090653,clear,31_69,0.34090653
256,2,4,0.13531257,clear,32_68,0.13531257
257,2,4,0.28459397,noise,32_68,0.28459397
258,6,4,0.8623347,clear,32_68,0.13531257
259,6,4,0.7315079,noise,32_68,0.28459397
260,4,2,0.79962057,noise,32_68,0.23412572
261,4,2,0.6577322,clear,32_68,0.334977
262,4,6,0.23412572,noise,32_68,0.23412572
263,4,6,0.334977,clear,32_68,0.334977
264,2,4,0.14234437,clear,33_67,0.14234437
265,2,4,0.28061113,noise,33_67,0.28061113
266,6,4,0.85975724,clear,33_67,0.14234437
267,6,4,0.7380019,noise,33_67,0.28061113
268,4,2,0.79010165,noise,33_67,0.24192135
269,4,2,0.6580145,clear,33_67,0.33766562
270,4,6,0.24192135,noise,33_67,0.24192135
271,4,6,0.33766562,clear,33_67,0.33766562
272,2,4,0.14183667,clear,34_66,0.14183667
273,2,4,0.2779574,noise,34_66,0.2779574
274,6,4,0.8530889,clear,34_66,0.14183667
275,6,4,0.7349962,noise,34_66,0.2779574
276,4,2,0.78496575,noise,34_66,0.2439471
277,4,2,0.6648261,clear,34_66,0.33666041
278,4,6,0.2439471,noise,34_66,0.2439471
279,4,6,0.33666041,clear,34_66,0.33666041
280,2,4,0.15103714,clear,35_65,0.15103714
281,2,4,0.27562967,noise,35_65,0.27562967
282,6,4,0.8522378,clear,35_65,0.15103714
283,6,4,0.7368738,noise,35_65,0.27562967
284,4,2,0.7877512,noise,35_65,0.24437617
285,4,2,0.67008156,clear,35_65,0.3286456
286,4,6,0.24437617,noise,35_65,0.24437617
287,4,6,0.3286456,clear,35_65,0.3286456
288,2,4,0.15360697,clear,36_64,0.15360697
289,2,4,0.27020583,noise,36_64,0.27020583
290,6,4,0.84976083,clear,36_64,0.15360697
291,6,4,0.7477428,noise,36_64,0.27020583
292,4,2,0.7774258,noise,36_64,0.24266525
293,4,2,0.67169625,clear,36_64,0.32342556
294,4,6,0.24266525,noise,36_64,0.24266525
295,4,6,0.32342556,clear,36_64,0.32342556
296,2,4,0.15902779,clear,37_63,0.15902779
297,2,4,0.26648077,noise,37_63,0.26648077
298,6,4,0.84213746,clear,37_63,0.15902779
299,6,4,0.74836063,noise,37_63,0.26648077
300,4,2,0.7741672,noise,37_63,0.24745391
301,4,2,0.67243093,clear,37_63,0.3230195
302,4,6,0.24745391,noise,37_63,0.24745391
303,4,6,0.3230195,clear,37_63,0.3230195
304,2,4,0.1650651,clear,38_62,0.1650651
305,2,4,0.2660881,noise,38_62,0.2660881
306,6,4,0.8366248,clear,38_62,0.1650651
307,6,4,0.750927,noise,38_62,0.2660881
308,4,2,0.7684834,noise,38_62,0.25089136
309,4,2,0.6764969,clear,38_62,0.3269313
310,4,6,0.25089136,noise,38_62,0.25089136
311,4,6,0.3269313,clear,38_62,0.3269313
312,2,4,0.16512413,clear,39_61,0.16512413
313,2,4,0.26137245,noise,39_61,0.26137245
314,6,4,0.837596,clear,39_61,0.16512413
315,6,4,0.75269854,noise,39_61,0.26137245
316,4,2,0.7765685,noise,39_61,0.2580431
317,4,2,0.69182414,clear,39_61,0.32218736
318,4,6,0.2580431,noise,39_61,0.2580431
319,4,6,0.32218736,clear,39_61,0.32218736
320,2,4,0.17233005,clear,40_60,0.17233005
321,2,4,0.2545767,noise,40_60,0.2545767
322,6,4,0.8356775,clear,40_60,0.17233005
323,6,4,0.7626082,noise,40_60,0.2545767
324,4,2,0.7614877,noise,40_60,0.26612505
325,4,2,0.68452936,clear,40_60,0.32392508
326,4,6,0.26612505,noise,40_60,0.26612505
327,4,6,0.32392508,clear,40_60,0.32392508
328,2,4,0.17938048,clear,41_59,0.17938048
329,2,4,0.2539702,noise,41_59,0.2539702
330,6,4,0.8384615,clear,41_59,0.17938048
331,6,4,0.77065855,noise,41_59,0.2539702
332,4,2,0.76018125,noise,41_59,0.26371264
333,4,2,0.6916759,clear,41_59,0.31823498
334,4,6,0.26371264,noise,41_59,0.26371264
335,4,6,0.31823498,clear,41_59,0.31823498
336,2,4,0.17547718,clear,42_58,0.17547718
337,2,4,0.24578558,noise,42_58,0.24578558
338,6,4,0.82594,clear,42_58,0.17547718
339,6,4,0.7647562,noise,42_58,0.24578558
340,4,2,0.7550386,noise,42_58,0.26488715
341,4,2,0.6921835,clear,42_58,0.310198
342,4,6,0.26488715,noise,42_58,0.26488715
343,4,6,0.310198,clear,42_58,0.310198
344,2,4,0.18586239,clear,43_57,0.18586239
345,2,4,0.24843024,noise,43_57,0.24843024
346,6,4,0.8230981,clear,43_57,0.18586239
347,6,4,0.76916534,noise,43_57,0.24843024
348,4,2,0.75149196,noise,43_57,0.26845273
349,4,2,0.69606555,clear,43_57,0.30952933
350,4,6,0.26845273,noise,43_57,0.26845273
351,4,6,0.30952933,clear,43_57,0.30952933
352,2,4,0.18869814,clear,44_56,0.18869814
353,2,4,0.23862334,noise,44_56,0.23862334
354,6,4,0.81428766,clear,44_56,0.18869814
355,6,4,0.76661336,noise,44_56,0.23862334
356,4,2,0.74781096,noise,44_56,0.27675614
357,4,2,0.7017587,clear,44_56,0.31177565
358,4,6,0.27675614,noise,44_56,0.27675614
359,4,6,0.31177565,clear,44_56,0.31177565
360,2,4,0.19436465,clear,45_55,0.19436465
361,2,4,0.23858596,noise,45_55,0.23858596
362,6,4,0.81690925,clear,45_55,0.19436465
363,6,4,0.78078,noise,45_55,0.23858596
364,4,2,0.7441128,noise,45_55,0.27894413
365,4,2,0.70500374,clear,45_55,0.3085148
366,4,6,0.27894413,noise,45_55,0.27894413
367,4,6,0.3085148,clear,45_55,0.3085148
368,2,4,0.19744036,clear,46_54,0.19744036
369,2,4,0.2320008,noise,46_54,0.2320008
370,6,4,0.80636764,clear,46_54,0.19744036
371,6,4,0.7766549,noise,46_54,0.2320008
372,4,2,0.7374518,noise,46_54,0.28322813
373,4,2,0.7058455,clear,46_54,0.30475405
374,4,6,0.28322813,noise,46_54,0.28322813
375,4,6,0.30475405,clear,46_54,0.30475405
376,2,4,0.20356958,clear,47_53,0.20356958
377,2,4,0.22930135,noise,47_53,0.22930135
378,6,4,0.80077153,clear,47_53,0.20356958
379,6,4,0.77816916,noise,47_53,0.22930135
380,4,2,0.7319185,noise,47_53,0.2840306
381,4,2,0.7078781,clear,47_53,0.30064127
382,4,6,0.2840306,noise,47_53,0.2840306
383,4,6,0.30064127,clear,47_53,0.30064127
384,2,4,0.20657092,clear,48_52,0.20657092
385,2,4,0.22335652,noise,48_52,0.22335652
386,6,4,0.8059182,clear,48_52,0.20657092
387,6,4,0.79069144,noise,48_52,0.22335652
388,4,2,0.7302523,noise,48_52,0.28514168
389,4,2,0.7146406,clear,48_52,0.29601544
390,4,6,0.28514168,noise,48_52,0.28514168
391,4,6,0.29601544,clear,48_52,0.29601544
392,2,4,0.21082845,clear,49_51,0.21082845
393,2,4,0.21943791,noise,49_51,0.21943791
394,6,4,0.79731506,clear,49_51,0.21082845
395,6,4,0.7896438,noise,49_51,0.21943791
396,4,2,0.7252717,noise,49_51,0.2864395
397,4,2,0.7175132,clear,49_51,0.29198155
398,4,6,0.2864395,noise,49_51,0.2864395
399,4,6,0.29198155,clear,49_51,0.29198155
400,2,4,0.21369821,clear,50_50,0.21369821
401,2,4,0.21369821,noise,50_50,0.21369821
402,6,4,0.7917017,clear,50_50,0.21369821
403,6,4,0.7917017,noise,50_50,0.21369821
404,4,2,0.72847795,noise,50_50,0.2933443
405,4,2,0.72847795,clear,50_50,0.2933443
406,4,6,0.2933443,noise,50_50,0.2933443
407,4,6,0.2933443,clear,50_50,0.2933443
408,2,4,0.22232,clear,51_49,0.22232
409,2,4,0.21387324,noise,51_49,0.21387324
410,6,4,0.78920275,clear,51_49,0.22232
411,6,4,0.79683715,noise,51_49,0.21387324
412,4,2,0.7234665,noise,51_49,0.29586744
413,4,2,0.7311197,clear,51_49,0.29049957
414,4,6,0.29586744,noise,51_49,0.29586744
415,4,6,0.29049957,clear,51_49,0.29049957
416,2,4,0.21935214,clear,52_48,0.21935214
417,2,4,0.201859,noise,52_48,0.201859
418,6,4,0.7824104,clear,52_48,0.21935214
419,6,4,0.79778516,noise,52_48,0.201859
420,4,2,0.71495074,noise,52_48,0.29199904
421,4,2,0.7310659,clear,52_48,0.28054512
422,4,6,0.29199904,noise,52_48,0.29199904
423,4,6,0.28054512,clear,52_48,0.28054512
424,2,4,0.22275296,clear,53_47,0.22275296
425,2,4,0.19738613,noise,53_47,0.19738613
426,6,4,0.7842596,clear,53_47,0.22275296
427,6,4,0.80583817,noise,53_47,0.19738613
428,4,2,0.7111078,noise,53_47,0.30261427
429,4,2,0.7345157,clear,53_47,0.28577644
430,4,6,0.30261427,noise,53_47,0.30261427
431,4,6,0.28577644,clear,53_47,0.28577644
432,2,4,0.23180172,clear,54_46,0.23180172
433,2,4,0.19799581,noise,54_46,0.19799581
434,6,4,0.7842525,clear,54_46,0.23180172
435,6,4,0.814423,noise,54_46,0.19799581
436,4,2,0.7139562,noise,54_46,0.3012423
437,4,2,0.74582374,clear,54_46,0.27778155
438,4,6,0.3012423,noise,54_46,0.3012423
439,4,6,0.27778155,clear,54_46,0.27778155
440,2,4,0.23190036,clear,55_45,0.23190036
441,2,4,0.18909429,noise,55_45,0.18909429
442,6,4,0.77694315,clear,55_45,0.23190036
443,6,4,0.8152585,noise,55_45,0.18909429
444,4,2,0.7042115,noise,55_45,0.30619135
445,4,2,0.74304557,clear,55_45,0.27771938
446,4,6,0.30619135,noise,55_45,0.30619135
447,4,6,0.27771938,clear,55_45,0.27771938
448,2,4,0.23595077,clear,56_44,0.23595077
449,2,4,0.18657464,noise,56_44,0.18657464
450,6,4,0.77059275,clear,56_44,0.23595077
451,6,4,0.8172641,noise,56_44,0.18657464
452,4,2,0.69800705,noise,56_44,0.30804965
453,4,2,0.74431545,clear,56_44,0.27455366
454,4,6,0.30804965,noise,56_44,0.30804965
455,4,6,0.27455366,clear,56_44,0.27455366
456,2,4,0.24064632,clear,57_43,0.24064632
457,2,4,0.18093114,noise,57_43,0.18093114
458,6,4,0.77402836,clear,57_43,0.24064632
459,6,4,0.8266261,noise,57_43,0.18093114
460,4,2,0.6994004,noise,57_43,0.3060191
461,4,2,0.75549734,clear,57_43,0.26415375
462,4,6,0.3060191,noise,57_43,0.3060191
463,4,6,0.26415375,clear,57_43,0.26415375
464,2,4,0.24282306,clear,58_42,0.24282306
465,2,4,0.1732424,noise,58_42,0.1732424
466,6,4,0.76310146,clear,58_42,0.24282306
467,6,4,0.8230555,noise,58_42,0.1732424
468,4,2,0.6964212,noise,58_42,0.31872207
469,4,2,0.75966465,clear,58_42,0.27379057
470,4,6,0.31872207,noise,58_42,0.31872207
471,4,6,0.27379057,clear,58_42,0.27379057
472,2,4,0.24957894,clear,59_41,0.24957894
473,2,4,0.17050496,noise,59_41,0.17050496
474,6,4,0.7579767,clear,59_41,0.24957894
475,6,4,0.82631505,noise,59_41,0.17050496
476,4,2,0.69037837,noise,59_41,0.3147006
477,4,2,0.760595,clear,59_41,0.25942606
478,4,6,0.3147006,noise,59_41,0.3147006
479,4,6,0.25942606,clear,59_41,0.25942606
480,2,4,0.25737983,clear,60_40,0.25737983
481,2,4,0.17074585,noise,60_40,0.17074585
482,6,4,0.759609,clear,60_40,0.25737983
483,6,4,0.8360755,noise,60_40,0.17074585
484,4,2,0.6832096,noise,60_40,0.31419235
485,4,2,0.7624842,clear,60_40,0.25802335
486,4,6,0.31419235,noise,60_40,0.31419235
487,4,6,0.25802335,clear,60_40,0.25802335
488,2,4,0.25851664,clear,61_39,0.25851664
489,2,4,0.16386926,noise,61_39,0.16386926
490,6,4,0.7573739,clear,61_39,0.25851664
491,6,4,0.8409035,noise,61_39,0.16386926
492,4,2,0.68304896,noise,61_39,0.31965354
493,4,2,0.7722706,clear,61_39,0.25797802
494,4,6,0.31965354,noise,61_39,0.31965354
495,4,6,0.25797802,clear,61_39,0.25797802
496,2,4,0.26465717,clear,62_38,0.26465717
497,2,4,0.16065963,noise,62_38,0.16065963
498,6,4,0.74831414,clear,62_38,0.26465717
499,6,4,0.84176576,noise,62_38,0.16065963
500,4,2,0.6777238,noise,62_38,0.32186016
501,4,2,0.7685493,clear,62_38,0.2606505
502,4,6,0.32186016,noise,62_38,0.32186016
503,4,6,0.2606505,clear,62_38,0.2606505
504,2,4,0.26807916,clear,63_37,0.26807916
505,2,4,0.15616053,noise,63_37,0.15616053
506,6,4,0.7451261,clear,63_37,0.26807916
507,6,4,0.8430858,noise,63_37,0.15616053
508,4,2,0.6796906,noise,63_37,0.32729834
509,4,2,0.7770208,clear,63_37,0.25069103
510,4,6,0.32729834,noise,63_37,0.32729834
511,4,6,0.25069103,clear,63_37,0.25069103
512,2,4,0.26817834,clear,64_36,0.26817834
513,2,4,0.15047193,noise,64_36,0.15047193
514,6,4,0.7403399,clear,64_36,0.26817834
515,6,4,0.8428374,noise,64_36,0.15047193
516,4,2,0.67127347,noise,64_36,0.32860383
517,4,2,0.77839893,clear,64_36,0.24698761
518,4,6,0.32860383,noise,64_36,0.32860383
519,4,6,0.24698761,clear,64_36,0.24698761
520,2,4,0.27659544,clear,65_35,0.27659544
521,2,4,0.14923023,noise,65_35,0.14923023
522,6,4,0.7418962,clear,65_35,0.27659544
523,6,4,0.85454094,noise,65_35,0.14923023
524,4,2,0.6732098,noise,65_35,0.33285892
525,4,2,0.78426886,clear,65_35,0.24396586
526,4,6,0.33285892,noise,65_35,0.33285892
527,4,6,0.24396586,clear,65_35,0.24396586
528,2,4,0.27728578,clear,66_34,0.27728578
529,2,4,0.14152497,noise,66_34,0.14152497
530,6,4,0.7358665,clear,66_34,0.27728578
531,6,4,0.85899043,noise,66_34,0.14152497
532,4,2,0.66962755,noise,66_34,0.3329473
533,4,2,0.7904853,clear,66_34,0.23800275
534,4,6,0.3329473,noise,66_34,0.3329473
535,4,6,0.23800275,clear,66_34,0.23800275
536,2,4,0.2822596,clear,67_33,0.2822596
537,2,4,0.1389567,noise,67_33,0.1389567
538,6,4,0.7430692,clear,67_33,0.2822596
539,6,4,0.8619803,noise,67_33,0.1389567
540,4,2,0.66283613,noise,67_33,0.3304803
541,4,2,0.793438,clear,67_33,0.2262299
542,4,6,0.3304803,noise,67_33,0.3304803
543,4,6,0.2262299,clear,67_33,0.2262299
544,2,4,0.29080224,clear,68_32,0.29080224
545,2,4,0.13877298,noise,68_32,0.13877298
546,6,4,0.7303245,clear,68_32,0.29080224
547,6,4,0.87496287,noise,68_32,0.13877298
548,4,2,0.6549421,noise,68_32,0.33800492
549,4,2,0.7959392,clear,68_32,0.23977087
550,4,6,0.33800492,noise,68_32,0.33800492
551,4,6,0.23977087,clear,68_32,0.23977087
552,2,4,0.29022244,clear,69_31,0.29022244
553,2,4,0.13445617,noise,69_31,0.13445617
554,6,4,0.72758263,clear,69_31,0.29022244
555,6,4,0.8667286,noise,69_31,0.13445617
556,4,2,0.65511954,noise,69_31,0.34448975
557,4,2,0.8034366,clear,69_31,0.23074184
558,4,6,0.34448975,noise,69_31,0.34448975
559,4,6,0.23074184,clear,69_31,0.23074184
560,2,4,0.29098424,clear,70_30,0.29098424
561,2,4,0.121216916,noise,70_30,0.121216916
562,6,4,0.72790956,clear,70_30,0.29098424
563,6,4,0.8719112,noise,70_30,0.121216916
564,4,2,0.65827775,noise,70_30,0.33996058
565,4,2,0.8049806,clear,70_30,0.22723176
566,4,6,0.33996058,noise,70_30,0.33996058
567,4,6,0.22723176,clear,70_30,0.22723176
568,2,4,0.29861096,clear,71_29,0.29861096
569,2,4,0.12488677,noise,71_29,0.12488677
570,6,4,0.72197556,clear,71_29,0.29861096
571,6,4,0.872001,noise,71_29,0.12488677
572,4,2,0.6460932,noise,71_29,0.34338152
573,4,2,0.80075306,clear,71_29,0.22124924
574,4,6,0.34338152,noise,71_29,0.34338152
575,4,6,0.22124924,clear,71_29,0.22124924
576,2,4,0.2995912,clear,72_28,0.2995912
577,2,4,0.124432005,noise,72_28,0.124432005
578,6,4,0.7140823,clear,72_28,0.2995912
579,6,4,0.88208354,noise,72_28,0.124432005
580,4,2,0.6442844,noise,72_28,0.34580567
581,4,2,0.81027716,clear,72_28,0.22025225
582,4,6,0.34580567,noise,72_28,0.34580567
583,4,6,0.22025225,clear,72_28,0.22025225
584,2,4,0.30278924,clear,73_27,0.30278924
585,2,4,0.11593743,noise,73_27,0.11593743
586,6,4,0.7181952,clear,73_27,0.30278924
587,6,4,0.88227385,noise,73_27,0.11593743
588,4,2,0.64346284,noise,73_27,0.3568597
589,4,2,0.82094926,clear,73_27,0.21719304
590,4,6,0.3568597,noise,73_27,0.3568597
591,4,6,0.21719304,clear,73_27,0.21719304
592,2,4,0.30824545,clear,74_26,0.30824545
593,2,4,0.11460974,noise,74_26,0.11460974
594,6,4,0.7082847,clear,74_26,0.30824545
595,6,4,0.87996566,noise,74_26,0.11460974
596,4,2,0.6454087,noise,74_26,0.34574944
597,4,2,0.8199994,clear,74_26,0.21158567
598,4,6,0.34574944,noise,74_26,0.34574944
599,4,6,0.21158567,clear,74_26,0.21158567
600,2,4,0.30343288,clear,75_25,0.30343288
601,2,4,0.10380491,noise,75_25,0.10380491
602,6,4,0.7129924,clear,75_25,0.30343288
603,6,4,0.8876825,noise,75_25,0.10380491
604,4,2,0.63624,noise,75_25,0.35636026
605,4,2,0.82523555,clear,75_25,0.20940943
606,4,6,0.35636026,noise,75_25,0.35636026
607,4,6,0.20940943,clear,75_25,0.20940943
608,2,4,0.3085526,clear,76_24,0.3085526
609,2,4,0.10685618,noise,76_24,0.10685618
610,6,4,0.70650643,clear,76_24,0.3085526
611,6,4,0.8921609,noise,76_24,0.10685618
612,4,2,0.6327521,noise,76_24,0.3571662
613,4,2,0.8309639,clear,76_24,0.20527382
614,4,6,0.3571662,noise,76_24,0.3571662
615,4,6,0.20527382,clear,76_24,0.20527382
616,2,4,0.31381884,clear,77_23,0.31381884
617,2,4,0.10133048,noise,77_23,0.10133048
618,6,4,0.7057327,clear,77_23,0.31381884
619,6,4,0.8989593,noise,77_23,0.10133048
620,4,2,0.63796854,noise,77_23,0.36348775
621,4,2,0.83356905,clear,77_23,0.19695483
622,4,6,0.36348775,noise,77_23,0.36348775
623,4,6,0.19695483,clear,77_23,0.19695483
624,2,4,0.31959537,clear,78_22,0.31959537
625,2,4,0.09724495,noise,78_22,0.09724495
626,6,4,0.7003035,clear,78_22,0.31959537
627,6,4,0.89705414,noise,78_22,0.09724495
628,4,2,0.63015103,noise,78_22,0.3594578
629,4,2,0.8443009,clear,78_22,0.19805408
630,4,6,0.3594578,noise,78_22,0.3594578
631,4,6,0.19805408,clear,78_22,0.19805408
632,2,4,0.32000113,clear,79_21,0.32000113
633,2,4,0.09036075,noise,79_21,0.09036075
634,6,4,0.6937848,clear,79_21,0.32000113
635,6,4,0.89584744,noise,79_21,0.09036075
636,4,2,0.62619334,noise,79_21,0.36468738
637,4,2,0.84216547,clear,79_21,0.19197623
638,4,6,0.36468738,noise,79_21,0.36468738
639,4,6,0.19197623,clear,79_21,0.19197623
640,2,4,0.32626936,clear,80_20,0.32626936
641,2,4,0.09426498,noise,80_20,0.09426498
642,6,4,0.69855154,clear,80_20,0.32626936
643,6,4,0.9030858,noise,80_20,0.09426498
644,4,2,0.6268288,noise,80_20,0.36188054
645,4,2,0.85141516,clear,80_20,0.19229585
646,4,6,0.36188054,noise,80_20,0.36188054
647,4,6,0.19229585,clear,80_20,0.19229585
648,2,4,0.32969916,clear,81_19,0.32969916
649,2,4,0.082133316,noise,81_19,0.082133316
650,6,4,0.69636947,clear,81_19,0.32969916
651,6,4,0.9028436,noise,81_19,0.082133316
652,4,2,0.6260118,noise,81_19,0.36421087
653,4,2,0.85199547,clear,81_19,0.18160601
654,4,6,0.36421087,noise,81_19,0.36421087
655,4,6,0.18160601,clear,81_19,0.18160601
656,2,4,0.32741043,clear,82_18,0.32741043
657,2,4,0.0820301,noise,82_18,0.0820301
658,6,4,0.68620837,clear,82_18,0.32741043
659,6,4,0.9097866,noise,82_18,0.0820301
660,4,2,0.62532765,noise,82_18,0.3683666
661,4,2,0.8597244,clear,82_18,0.17986757
662,4,6,0.3683666,noise,82_18,0.3683666
663,4,6,0.17986757,clear,82_18,0.17986757
664,2,4,0.3312812,clear,83_17,0.3312812
665,2,4,0.081111744,noise,83_17,0.081111744
666,6,4,0.690672,clear,83_17,0.3312812
667,6,4,0.9145361,noise,83_17,0.081111744
668,4,2,0.61629754,noise,83_17,0.37244752
669,4,2,0.8619888,clear,83_17,0.17954123
670,4,6,0.37244752,noise,83_17,0.37244752
671,4,6,0.17954123,clear,83_17,0.17954123
672,2,4,0.34292436,clear,84_16,0.34292436
673,2,4,0.08172887,noise,84_16,0.08172887
674,6,4,0.68398124,clear,84_16,0.34292436
675,6,4,0.9184798,noise,84_16,0.08172887
676,4,2,0.61919606,noise,84_16,0.3670272
677,4,2,0.8638211,clear,84_16,0.16749728
678,4,6,0.3670272,noise,84_16,0.3670272
679,4,6,0.16749728,clear,84_16,0.16749728
680,2,4,0.34529826,clear,85_15,0.34529826
681,2,4,0.076374136,noise,85_15,0.076374136
682,6,4,0.67507297,clear,85_15,0.34529826
683,6,4,0.91577697,noise,85_15,0.076374136
684,4,2,0.6148652,noise,85_15,0.37232324
685,4,2,0.8701188,clear,85_15,0.1656884
686,4,6,0.37232324,noise,85_15,0.37232324
687,4,6,0.1656884,clear,85_15,0.1656884
688,2,4,0.33953285,clear,86_14,0.33953285
689,2,4,0.07157969,noise,86_14,0.07157969
690,6,4,0.67861754,clear,86_14,0.33953285
691,6,4,0.9176982,noise,86_14,0.07157969
692,4,2,0.6110956,noise,86_14,0.38036144
693,4,2,0.87136936,clear,86_14,0.16882074
694,4,6,0.38036144,noise,86_14,0.38036144
695,4,6,0.16882074,clear,86_14,0.16882074
696,2,4,0.346921,clear,87_13,0.346921
697,2,4,0.06989813,noise,87_13,0.06989813
698,6,4,0.66815585,clear,87_13,0.346921
699,6,4,0.9267272,noise,87_13,0.06989813
700,4,2,0.6138477,noise,87_13,0.37142518
701,4,2,0.8797261,clear,87_13,0.15973617
702,4,6,0.37142518,noise,87_13,0.37142518
703,4,6,0.15973617,clear,87_13,0.15973617
704,2,4,0.3457651,clear,88_12,0.3457651
705,2,4,0.06457346,noise,88_12,0.06457346
706,6,4,0.6639467,clear,88_12,0.3457651
707,6,4,0.9216991,noise,88_12,0.06457346
708,4,2,0.6114098,noise,88_12,0.38011765
709,4,2,0.8777867,clear,88_12,0.16127236
710,4,6,0.38011765,noise,88_12,0.38011765
711,4,6,0.16127236,clear,88_12,0.16127236
712,2,4,0.35451406,clear,89_11,0.35451406
713,2,4,0.06914926,noise,89_11,0.06914926
714,6,4,0.6658871,clear,89_11,0.35451406
715,6,4,0.9268071,noise,89_11,0.06914926
716,4,2,0.60407704,noise,89_11,0.3824878
717,4,2,0.87955135,clear,89_11,0.15438712
718,4,6,0.3824878,noise,89_11,0.3824878
719,4,6,0.15438712,clear,89_11,0.15438712
720,2,4,0.35406268,clear,90_10,0.35406268
721,2,4,0.056623023,noise,90_10,0.056623023
722,6,4,0.6623648,clear,90_10,0.35406268
723,6,4,0.93589747,noise,90_10,0.056623023
724,4,2,0.6031345,noise,90_10,0.38358703
725,4,2,0.8885915,clear,90_10,0.14842011
726,4,6,0.38358703,noise,90_10,0.38358703
727,4,6,0.14842011,clear,90_10,0.14842011
728,2,4,0.35328218,clear,91_9,0.35328218
729,2,4,0.057429068,noise,91_9,0.057429068
730,6,4,0.66872615,clear,91_9,0.35328218
731,6,4,0.93530756,noise,91_9,0.057429068
732,4,2,0.6025311,noise,91_9,0.38371697
733,4,2,0.88801247,clear,91_9,0.14476718
734,4,6,0.38371697,noise,91_9,0.38371697
735,4,6,0.14476718,clear,91_9,0.14476718
736,2,4,0.3596691,clear,92_8,0.3596691
737,2,4,0.048113417,noise,92_8,0.048113417
738,6,4,0.6709897,clear,92_8,0.3596691
739,6,4,0.9349203,noise,92_8,0.048113417
740,4,2,0.59892654,noise,92_8,0.38622686
741,4,2,0.89362466,clear,92_8,0.13741012
742,4,6,0.38622686,noise,92_8,0.38622686
743,4,6,0.13741012,clear,92_8,0.13741012
744,2,4,0.3613387,clear,93_7,0.3613387
745,2,4,0.049912795,noise,93_7,0.049912795
746,6,4,0.6586351,clear,93_7,0.3613387
747,6,4,0.9359819,noise,93_7,0.049912795
748,4,2,0.5998465,noise,93_7,0.3866714
749,4,2,0.8918794,clear,93_7,0.13867871
750,4,6,0.3866714,noise,93_7,0.3866714
751,4,6,0.13867871,clear,93_7,0.13867871
752,2,4,0.36176014,clear,94_6,0.36176014
753,2,4,0.0547131,noise,94_6,0.0547131
754,6,4,0.66278595,clear,94_6,0.36176014
755,6,4,0.9328242,noise,94_6,0.0547131
756,4,2,0.5949165,noise,94_6,0.39543933
757,4,2,0.8941976,clear,94_6,0.1323854
758,4,6,0.39543933,noise,94_6,0.39543933
759,4,6,0.1323854,clear,94_6,0.1323854
760,2,4,0.36619553,clear,95_5,0.36619553
761,2,4,0.048405215,noise,95_5,0.048405215
762,6,4,0.65516114,clear,95_5,0.36619553
763,6,4,0.94164675,noise,95_5,0.048405215
764,4,2,0.60251504,noise,95_5,0.3987949
765,4,2,0.9033901,clear,95_5,0.13106582
766,4,6,0.3987949,noise,95_5,0.3987949
767,4,6,0.13106582,clear,95_5,0.13106582
768,2,4,0.36787936,clear,96_4,0.36787936
769,2,4,0.045016598,noise,96_4,0.045016598
770,6,4,0.6538065,clear,96_4,0.36787936
771,6,4,0.9388566,noise,96_4,0.045016598
772,4,2,0.58688766,noise,96_4,0.38958532
773,4,2,0.9027639,clear,96_4,0.12494514
774,4,6,0.38958532,noise,96_4,0.38958532
775,4,6,0.12494514,clear,96_4,0.12494514
776,2,4,0.37080407,clear,97_3,0.37080407
777,2,4,0.046454497,noise,97_3,0.046454497
778,6,4,0.65261817,clear,97_3,0.37080407
779,6,4,0.943022,noise,97_3,0.046454497
780,4,2,0.5939948,noise,97_3,0.38894063
781,4,2,0.9062198,clear,97_3,0.12184967
782,4,6,0.38894063,noise,97_3,0.38894063
783,4,6,0.12184967,clear,97_3,0.12184967
784,2,4,0.37276328,clear,98_2,0.37276328
785,2,4,0.041905712,noise,98_2,0.041905712
786,6,4,0.65565354,clear,98_2,0.37276328
787,6,4,0.9469427,noise,98_2,0.041905712
788,4,2,0.5920764,noise,98_2,0.40232652
789,4,2,0.9074619,clear,98_2,0.11565389
790,4,6,0.40232652,noise,98_2,0.40232652
791,4,6,0.11565389,clear,98_2,0.11565389
792,2,4,0.37547138,clear,99_1,0.37547138
793,2,4,0.04237167,noise,99_1,0.04237167
794,6,4,0.6536469,clear,99_1,0.37547138
795,6,4,0.9506604,noise,99_1,0.04237167
796,4,2,0.587203,noise,99_1,0.39831182
797,4,2,0.90883493,clear,99_1,0.12193566
798,4,6,0.39831182,noise,99_1,0.39831182
799,4,6,0.12193566,clear,99_1,0.12193566
